-- Optional demo data for More Properties.
-- Run after schema.sql.

insert into public.agencies (id, name, slug, logo_url, website, office_phone, verified) values
('aaaaaaaa-0000-4000-8000-000000000001', 'More Prime Atlantic', 'more-prime-atlantic', null, 'https://moreproperties.co.za', '+27210000001', true),
('aaaaaaaa-0000-4000-8000-000000000002', 'More Urban Gauteng', 'more-urban-gauteng', null, 'https://moreproperties.co.za', '+27110000002', true),
('aaaaaaaa-0000-4000-8000-000000000003', 'More Coastal Living', 'more-coastal-living', null, 'https://moreproperties.co.za', '+27310000003', true)
on conflict (slug) do nothing;

insert into public.agents (id, agency_id, display_name, email, phone, area, bio, avatar_url, rating, response_minutes, verified) values
('11111111-1111-4111-8111-111111111111', 'aaaaaaaa-0000-4000-8000-000000000001', 'Ava Mokoena', 'ava@moreproperties.co.za', '+27821234567', 'Atlantic Seaboard', 'Luxury coastal mandates and discreet buyer matching.', 'https://images.unsplash.com/photo-1494790108377-be9c29b29330?auto=format&fit=crop&w=400&q=80', 4.9, 9, true),
('22222222-2222-4222-8222-222222222222', 'aaaaaaaa-0000-4000-8000-000000000002', 'Liam Naidoo', 'liam@moreproperties.co.za', '+27829876543', 'Rosebank and Sandton', 'Urban apartments, corporate rentals and commercial leasing.', 'https://images.unsplash.com/photo-1500648767791-00dcc994a43e?auto=format&fit=crop&w=400&q=80', 4.8, 14, true),
('33333333-3333-4333-8333-333333333333', 'aaaaaaaa-0000-4000-8000-000000000003', 'Mia Jacobs', 'mia@moreproperties.co.za', '+27827654321', 'Durban North and Umhlanga', 'Coastal lifestyle rentals and sectional-title sales.', 'https://images.unsplash.com/photo-1534528741775-53994a69daeb?auto=format&fit=crop&w=400&q=80', 4.9, 7, true)
on conflict (id) do nothing;

insert into public.listings (
  id, agency_id, agent_id, slug, title, description, mode, status, property_type, price,
  province, city, suburb, address, bedrooms, bathrooms, parking, floor_size, erf_size,
  latitude, longitude, hero_image_url, features, amenities, is_featured, published_at
) values
('aaaaaaaa-aaaa-4aaa-8aaa-aaaaaaaaaaaa', 'aaaaaaaa-0000-4000-8000-000000000001', '11111111-1111-4111-8111-111111111111', 'clifton-edge', 'Architectural villa above the Atlantic', 'A cinematic coastal home with layered entertainment decks, glass-wrapped living spaces, smart security, backup power and uninterrupted Atlantic views.', 'buy', 'active', 'House', 38900000, 'Western Cape', 'Cape Town', 'Clifton', 'Nettleton Ridge', 5, 5, 4, 612, 970, -33.940342, 18.377947, 'https://images.unsplash.com/photo-1600607687939-ce8a6c25118c?auto=format&fit=crop&w=1400&q=80', array['Private lift', 'Four-car garage', 'Battery backup', 'Wine room'], array['Pool', 'Security', 'Sea views', 'Smart home'], true, now()),
('bbbbbbbb-bbbb-4bbb-8bbb-bbbbbbbbbbbb', 'aaaaaaaa-0000-4000-8000-000000000002', '22222222-2222-4222-8222-222222222222', 'rosebank-skyline', 'High-floor apartment with city views', 'A lock-up-and-go apartment in a concierge building, walking distance to the Gautrain, offices, galleries and restaurants.', 'buy', 'active', 'Apartment', 3260000, 'Gauteng', 'Johannesburg', 'Rosebank', 'Keyes Avenue', 2, 2, 2, 119, 0, -26.145574, 28.041702, 'https://images.unsplash.com/photo-1600566753190-17f0baa2a6c3?auto=format&fit=crop&w=1400&q=80', array['Concierge lobby', 'Biometric access', 'Generator-backed common areas'], array['Gym', 'Parking', 'Gautrain access'], true, now()),
('cccccccc-cccc-4ccc-8ccc-cccccccccccc', 'aaaaaaaa-0000-4000-8000-000000000003', '33333333-3333-4333-8333-333333333333', 'umhlanga-rent', 'Furnished coastal rental near the promenade', 'A furnished rental with ocean-facing balcony, fibre, hotel-style amenities and secure parking minutes from beaches and business nodes.', 'rent', 'active', 'Apartment', 34500, 'KwaZulu-Natal', 'Durban', 'Umhlanga Rocks', 'Lagoon Drive', 3, 2, 2, 148, 0, -29.725708, 31.085597, 'https://images.unsplash.com/photo-1600607688969-a5bfcd646154?auto=format&fit=crop&w=1400&q=80', array['Furnished', 'Fibre-ready', 'Sea-facing balcony'], array['Pool', 'Gym', '24-hour security'], false, now()),
('dddddddd-dddd-4ddd-8ddd-dddddddddddd', 'aaaaaaaa-0000-4000-8000-000000000001', '11111111-1111-4111-8111-111111111111', 'stellenbosch-estate', 'Boutique estate development release', 'A limited collection of energy-efficient homes with mountain views, private gardens and direct access to schools, trails and wine farms.', 'developments', 'active', 'Development', 4895000, 'Western Cape', 'Stellenbosch', 'Paradyskloof', 'Estate Road', 3, 3, 2, 221, 382, -33.957652, 18.864447, 'https://images.unsplash.com/photo-1600585154340-be6161a56a0c?auto=format&fit=crop&w=1400&q=80', array['No transfer duty', 'Solar-ready', 'Water-wise landscaping'], array['Trails', 'Security', 'Mountain views'], true, now()),
('eeeeeeee-eeee-4eee-8eee-eeeeeeeeeeee', 'aaaaaaaa-0000-4000-8000-000000000002', '22222222-2222-4222-8222-222222222222', 'sandton-commercial', 'Flexible office floor in green-rated tower', 'A premium commercial floor with flexible fit-out, backup power, boardrooms, fibre redundancy and direct access to transport routes.', 'commercial', 'active', 'Commercial', 188000, 'Gauteng', 'Johannesburg', 'Sandton Central', 'Rivonia Road', 0, 6, 28, 940, 0, -26.107567, 28.056702, 'https://images.unsplash.com/photo-1497366754035-f200968a6e72?auto=format&fit=crop&w=1400&q=80', array['Green-rated building', 'Backup power', 'Fibre redundancy'], array['Boardrooms', 'Parking', 'Reception'], false, now())
on conflict (slug) do nothing;
